{"is_source_file": false, "format": "", "description": "", "external_files": [], "external_methods": [], "published": [], "classes": [], "methods": [], "calls": [], "search-terms": ["CSS variables", "theme management", "light theme colors", "dark theme colors", "responsive design", "App-header styles", "theme toggle button"], "state": 2, "file_id": 4, "knowledge_revision": 21, "git_revision": "", "hash": null, "format-version": 4, "code-base-name": "notes_frontend", "filename": "notes_frontend/src/App.css", "revision_history": [{"21": ""}]}