{"is_source_file": true, "format": "JavaScript", "description": "ESLint configuration file written in ECMAScript Module syntax, setting up linting rules and plugins for JavaScript and React projects.", "external_files": ["@eslint/js", "eslint-plugin-react"], "external_methods": ["pluginJs", "pluginReact"], "published": [], "classes": [], "methods": [], "calls": ["pluginJs", "pluginReact", "pluginJs.configs.recommended"], "search-terms": ["eslint", "eslint.config", "jsx", "react", "ECMAScript Module", "eslint-plugin-react", "eslint configuration"], "state": 2, "file_id": 10, "knowledge_revision": 25, "git_revision": "", "hash": null, "format-version": 4, "code-base-name": "notes_frontend", "filename": "notes_frontend/eslint.config.mjs", "revision_history": [{"25": ""}]}